"Epic","Feature","Story","FAILED","BROKEN","PASSED","SKIPPED","UNKNOWN"
"Authentication Management","User Registration","Business Rules Validation","0","0","1","0","0"
"User Management","Retrieve Users","Positive User Retrieval","0","0","3","0","0"
"Authentication Management","User Registration","Negative Registration Flow","0","0","3","0","0"
"User Management","Delete User","Security Validation","0","0","1","0","0"
"Security & Authorization","Token Authentication","Token Validation","0","0","4","0","0"
"Authentication Management","User Login","Negative Login Flow","0","0","5","0","0"
"User Management","Create User","Security Validation","0","0","1","0","0"
"Input Validation & Edge Cases","Boundary & Format Verification","Format & Security Sanitization","0","0","1","0","0"
"Authentication Management","User Registration","Regression Verification","0","0","2","0","0"
"User Management","Update User","Positive User Update","0","0","1","0","0"
"Input Validation & Edge Cases","Boundary & Format Verification","Empty Payloads","0","0","1","0","0"
"User Management","Create User","Negative User Creation","0","0","3","0","0"
"User Management","Retrieve Users","Data Privacy & Security Invariant","0","0","1","0","0"
"Input Validation & Edge Cases","Boundary & Format Verification","Boundary Value Analysis","0","0","3","0","0"
"User Management","Retrieve Users","Security Validation","0","0","1","0","0"
"User Management","Update User","Negative User Update","0","0","2","0","0"
"User Management","Retrieve Users","Negative User Retrieval","0","0","2","0","0"
"Input Validation & Edge Cases","Boundary & Format Verification","Format Sanitization","0","0","1","0","0"
"Authentication Management","User Login","Positive Login Flow","0","0","2","0","0"
"User Management","Update User","Security Validation","0","0","1","0","0"
"Authentication Management","User Registration","Boundary Registration Flow","0","0","1","0","0"
"Security & Authorization","Token Authentication","Security Enforcement","0","0","1","0","0"
"User Management","Delete User","Regression Verification","0","0","1","0","0"
"Input Validation & Edge Cases","Boundary & Format Verification","Malformed Payloads","0","0","1","0","0"
"User Management","Delete User","End-to-End Deletion Verification","0","0","1","0","0"
"User Management","Create User","Positive User Creation","0","0","1","0","0"
"User Management","Update User","Regression Verification","0","0","1","0","0"
"Authentication Management","User Registration","Positive Registration Flow","0","0","1","0","0"
"User Management","Delete User","Positive User Deletion","0","0","1","0","0"
