"Status","Start Time","Stop Time","Duration in ms","Parent Suite","Suite","Sub Suite","Test Class","Test Method","Name","Description"
"passed","Tue Sep 29 20:00:07 UTC 2026","Tue Sep 29 20:00:07 UTC 2026","131","","com.portfolio.qa.tests.auth.AuthRegistrationTests","","com.portfolio.qa.tests.auth.AuthRegistrationTests","shouldRejectRegistrationWithDuplicateEmail","TC-AUTH-006: Registration should reject duplicate email with 409 Conflict",""
"passed","Tue Sep 29 20:00:04 UTC 2026","Tue Sep 29 20:00:04 UTC 2026","70","","com.portfolio.qa.tests.users.UserRetrievalTests","","com.portfolio.qa.tests.users.UserRetrievalTests","shouldGetAllUsersWhenAuthenticated","TC-USER-006: Get all users when authenticated returns 200 OK and non-empty list",""
"passed","Tue Sep 29 20:00:07 UTC 2026","Tue Sep 29 20:00:07 UTC 2026","29","","com.portfolio.qa.tests.auth.AuthRegistrationTests","","com.portfolio.qa.tests.auth.AuthRegistrationTests","shouldRejectRegistrationWithEmptyPassword","TC-AUTH-004: Registration should reject empty password with 400 Bad Request",""
"passed","Tue Sep 29 20:00:05 UTC 2026","Tue Sep 29 20:00:05 UTC 2026","23","","com.portfolio.qa.tests.users.UserDeletionTests","","com.portfolio.qa.tests.users.UserDeletionTests","shouldRejectUserDeletionWithoutAuthentication","TC-USER-021: Delete user without authentication returns 401 Unauthorized",""
"passed","Tue Sep 29 20:00:07 UTC 2026","Tue Sep 29 20:00:07 UTC 2026","23","","com.portfolio.qa.tests.security.AuthenticationSecurityTests","","com.portfolio.qa.tests.security.AuthenticationSecurityTests","shouldRejectAccessWithEmptyBearerToken","TC-SEC-005: Accessing protected endpoint with empty Bearer token returns 401 Unauthorized",""
"passed","Tue Sep 29 20:00:06 UTC 2026","Tue Sep 29 20:00:06 UTC 2026","31","","com.portfolio.qa.tests.auth.AuthLoginTests","","com.portfolio.qa.tests.auth.AuthLoginTests","shouldRejectLoginWithEmptyEmail","TC-AUTH-013: Login should reject empty email with 400 Bad Request",""
"passed","Tue Sep 29 20:00:07 UTC 2026","Tue Sep 29 20:00:07 UTC 2026","40","","com.portfolio.qa.tests.auth.AuthRegistrationTests","","com.portfolio.qa.tests.auth.AuthRegistrationTests","shouldRejectRegistrationWithInvalidEmailFormat","TC-AUTH-002: Registration should reject invalid email format with 400 Bad Request",""
"passed","Tue Sep 29 20:00:06 UTC 2026","Tue Sep 29 20:00:06 UTC 2026","29","","com.portfolio.qa.tests.users.UserCreationTests","","com.portfolio.qa.tests.users.UserCreationTests","shouldRejectUserCreationWithoutAuthentication","TC-USER-005: Create user should reject unauthenticated request with 401 Unauthorized",""
"passed","Tue Sep 29 20:00:03 UTC 2026","Tue Sep 29 20:00:03 UTC 2026","189","","com.portfolio.qa.tests.edgecases.InputValidationEdgeCasesTests","","com.portfolio.qa.tests.edgecases.InputValidationEdgeCasesTests","shouldRejectUsernameWithSpecialCharacters","TC-EDGE-006: Reject username containing forbidden special characters or XSS script tags",""
"passed","Tue Sep 29 20:00:07 UTC 2026","Tue Sep 29 20:00:07 UTC 2026","32","","com.portfolio.qa.tests.auth.AuthRegistrationTests","","com.portfolio.qa.tests.auth.AuthRegistrationTests","shouldRejectRegistrationWithWhitespaceOnlyUsername","TC-AUTH-008: Registration should reject whitespace-only username [Regression BUG-004]",""
"passed","Tue Sep 29 20:00:03 UTC 2026","Tue Sep 29 20:00:04 UTC 2026","602","","com.portfolio.qa.tests.users.UserUpdateTests","","com.portfolio.qa.tests.users.UserUpdateTests","shouldUpdateExistingUserSuccessfully","TC-USER-013: Update existing user with valid data returns 200 OK",""
"passed","Tue Sep 29 20:00:03 UTC 2026","Tue Sep 29 20:00:03 UTC 2026","65","","com.portfolio.qa.tests.edgecases.InputValidationEdgeCasesTests","","com.portfolio.qa.tests.edgecases.InputValidationEdgeCasesTests","shouldRejectEmptyJsonPayload","TC-EDGE-005: Reject empty JSON object request body with 400 Bad Request",""
"passed","Tue Sep 29 20:00:06 UTC 2026","Tue Sep 29 20:00:06 UTC 2026","168","","com.portfolio.qa.tests.users.UserCreationTests","","com.portfolio.qa.tests.users.UserCreationTests","shouldRejectUserCreationWithDuplicateEmail","TC-USER-002: Create user should reject duplicate email with 409 Conflict",""
"passed","Tue Sep 29 20:00:05 UTC 2026","Tue Sep 29 20:00:05 UTC 2026","37","","com.portfolio.qa.tests.users.UserRetrievalTests","","com.portfolio.qa.tests.users.UserRetrievalTests","shouldEnsurePasswordIsNotExposedInUserRetrieval","TC-USER-012: Ensure password field is never exposed in user retrieval response",""
"passed","Tue Sep 29 20:00:06 UTC 2026","Tue Sep 29 20:00:06 UTC 2026","122","","com.portfolio.qa.tests.auth.AuthLoginTests","","com.portfolio.qa.tests.auth.AuthLoginTests","shouldRejectLoginWithNonExistentEmail","TC-AUTH-011: Login should reject non-existent email with 401 Unauthorized",""
"passed","Tue Sep 29 20:00:03 UTC 2026","Tue Sep 29 20:00:03 UTC 2026","60","","com.portfolio.qa.tests.edgecases.InputValidationEdgeCasesTests","","com.portfolio.qa.tests.edgecases.InputValidationEdgeCasesTests","shouldRejectUsernameExceedingMaxLength","TC-EDGE-001: Reject username exceeding max boundary (50 characters)",""
"passed","Tue Sep 29 20:00:05 UTC 2026","Tue Sep 29 20:00:05 UTC 2026","141","","com.portfolio.qa.tests.users.UserRetrievalTests","","com.portfolio.qa.tests.users.UserRetrievalTests","shouldFilterUsersBySearchKeyword","TC-USER-008: Search users by keyword filters matching users successfully",""
"passed","Tue Sep 29 20:00:05 UTC 2026","Tue Sep 29 20:00:05 UTC 2026","30","","com.portfolio.qa.tests.users.UserRetrievalTests","","com.portfolio.qa.tests.users.UserRetrievalTests","shouldRejectUserRetrievalWithoutAuthentication","TC-USER-011: Get user without authentication returns 401 Unauthorized",""
"passed","Tue Sep 29 20:00:04 UTC 2026","Tue Sep 29 20:00:04 UTC 2026","277","","com.portfolio.qa.tests.users.UserUpdateTests","","com.portfolio.qa.tests.users.UserUpdateTests","shouldRejectUserUpdateWithDuplicateEmail","TC-USER-015: Update user with an email already taken by another user returns 409 Conflict",""
"passed","Tue Sep 29 20:00:07 UTC 2026","Tue Sep 29 20:00:07 UTC 2026","27","","com.portfolio.qa.tests.security.AuthenticationSecurityTests","","com.portfolio.qa.tests.security.AuthenticationSecurityTests","shouldRejectAccessWithTamperedTokenSignature","TC-SEC-003: Accessing protected endpoint with tampered token returns 401 Unauthorized",""
"passed","Tue Sep 29 20:00:04 UTC 2026","Tue Sep 29 20:00:04 UTC 2026","87","","com.portfolio.qa.tests.users.UserRetrievalTests","","com.portfolio.qa.tests.users.UserRetrievalTests","shouldReturn400WhenGettingUserWithInvalidIdFormat","TC-USER-010: Get user with invalid ID format returns 400 Bad Request",""
"passed","Tue Sep 29 20:00:07 UTC 2026","Tue Sep 29 20:00:07 UTC 2026","119","","com.portfolio.qa.tests.auth.AuthRegistrationTests","","com.portfolio.qa.tests.auth.AuthRegistrationTests","shouldRejectRegistrationWithDuplicateEmailCaseInsensitive","TC-AUTH-007: Registration should reject duplicate email case-insensitively [Regression BUG-001]",""
"passed","Tue Sep 29 20:00:03 UTC 2026","Tue Sep 29 20:00:03 UTC 2026","57","","com.portfolio.qa.tests.edgecases.InputValidationEdgeCasesTests","","com.portfolio.qa.tests.edgecases.InputValidationEdgeCasesTests","shouldRejectUsernameBelowMinLength","TC-EDGE-002: Reject username below min boundary (3 characters)",""
"passed","Tue Sep 29 20:00:06 UTC 2026","Tue Sep 29 20:00:06 UTC 2026","35","","com.portfolio.qa.tests.auth.AuthLoginTests","","com.portfolio.qa.tests.auth.AuthLoginTests","shouldRejectLoginWithInvalidEmailFormat","TC-AUTH-015: Login should reject invalid email format with 400 Bad Request",""
"passed","Tue Sep 29 20:00:00 UTC 2026","Tue Sep 29 20:00:03 UTC 2026","2880","","com.portfolio.qa.tests.edgecases.InputValidationEdgeCasesTests","","com.portfolio.qa.tests.edgecases.InputValidationEdgeCasesTests","shouldRejectWhitespaceOnlyEmail","TC-EDGE-007: Reject whitespace-only email string with 400 Bad Request",""
"passed","Tue Sep 29 20:00:03 UTC 2026","Tue Sep 29 20:00:03 UTC 2026","47","","com.portfolio.qa.tests.edgecases.InputValidationEdgeCasesTests","","com.portfolio.qa.tests.edgecases.InputValidationEdgeCasesTests","shouldRejectEmailExceedingMaxLength","TC-EDGE-003: Reject email exceeding max boundary (100 characters)",""
"passed","Tue Sep 29 20:00:06 UTC 2026","Tue Sep 29 20:00:07 UTC 2026","234","","com.portfolio.qa.tests.auth.AuthLoginTests","","com.portfolio.qa.tests.auth.AuthLoginTests","shouldLoginWithValidCredentialsAndReceiveToken","TC-AUTH-009: Login with valid credentials returns 200 OK and JWT token",""
"passed","Tue Sep 29 20:00:04 UTC 2026","Tue Sep 29 20:00:04 UTC 2026","36","","com.portfolio.qa.tests.users.UserUpdateTests","","com.portfolio.qa.tests.users.UserUpdateTests","shouldRejectUserUpdateWithoutAuthentication","TC-USER-017: Update user without authentication returns 401 Unauthorized",""
"passed","Tue Sep 29 20:00:06 UTC 2026","Tue Sep 29 20:00:06 UTC 2026","109","","com.portfolio.qa.tests.auth.AuthLoginTests","","com.portfolio.qa.tests.auth.AuthLoginTests","shouldLoginWithDefaultAdminCredentials","TC-AUTH-010: Login with default admin credentials returns 200 OK",""
"passed","Tue Sep 29 20:00:04 UTC 2026","Tue Sep 29 20:00:05 UTC 2026","202","","com.portfolio.qa.tests.users.UserRetrievalTests","","com.portfolio.qa.tests.users.UserRetrievalTests","shouldGetUserByIdWhenUserExists","TC-USER-007: Get user by ID when user exists returns 200 OK",""
"passed","Tue Sep 29 20:00:06 UTC 2026","Tue Sep 29 20:00:06 UTC 2026","29","","com.portfolio.qa.tests.auth.AuthLoginTests","","com.portfolio.qa.tests.auth.AuthLoginTests","shouldRejectLoginWithEmptyPassword","TC-AUTH-014: Login should reject empty password with 400 Bad Request",""
"passed","Tue Sep 29 20:00:07 UTC 2026","Tue Sep 29 20:00:07 UTC 2026","26","","com.portfolio.qa.tests.security.AuthenticationSecurityTests","","com.portfolio.qa.tests.security.AuthenticationSecurityTests","shouldRejectAccessWithMalformedJwtToken","TC-SEC-002: Accessing protected endpoint with malformed token returns 401 Unauthorized",""
"passed","Tue Sep 29 20:00:07 UTC 2026","Tue Sep 29 20:00:07 UTC 2026","30","","com.portfolio.qa.tests.auth.AuthRegistrationTests","","com.portfolio.qa.tests.auth.AuthRegistrationTests","shouldRejectRegistrationWithShortPassword","TC-AUTH-005: Registration should reject password shorter than 8 characters",""
"passed","Tue Sep 29 20:00:06 UTC 2026","Tue Sep 29 20:00:06 UTC 2026","75","","com.portfolio.qa.tests.users.UserCreationTests","","com.portfolio.qa.tests.users.UserCreationTests","shouldRejectUserCreationWithMissingRequiredFields","TC-USER-003: Create user should reject missing required fields with 400 Bad Request",""
"passed","Tue Sep 29 20:00:07 UTC 2026","Tue Sep 29 20:00:08 UTC 2026","31","","com.portfolio.qa.tests.security.AuthenticationSecurityTests","","com.portfolio.qa.tests.security.AuthenticationSecurityTests","shouldReturn401WhenAccessingProtectedEndpointWithoutToken","TC-SEC-001: Accessing protected endpoint without token returns 401 with standard ErrorResponse [Regression BUG-005]",""
"passed","Tue Sep 29 20:00:07 UTC 2026","Tue Sep 29 20:00:07 UTC 2026","29","","com.portfolio.qa.tests.auth.AuthRegistrationTests","","com.portfolio.qa.tests.auth.AuthRegistrationTests","shouldRejectRegistrationWithEmptyUsername","TC-AUTH-003: Registration should reject empty username with 400 Bad Request",""
"passed","Tue Sep 29 20:00:07 UTC 2026","Tue Sep 29 20:00:07 UTC 2026","20","","com.portfolio.qa.tests.security.AuthenticationSecurityTests","","com.portfolio.qa.tests.security.AuthenticationSecurityTests","shouldRejectAccessWithInvalidAuthScheme","TC-SEC-004: Accessing protected endpoint with unsupported auth scheme returns 401 Unauthorized",""
"passed","Tue Sep 29 20:00:05 UTC 2026","Tue Sep 29 20:00:05 UTC 2026","43","","com.portfolio.qa.tests.users.UserDeletionTests","","com.portfolio.qa.tests.users.UserDeletionTests","shouldReturn404WhenDeletingNonexistentUser","TC-USER-019: Deleting non-existent user returns 404 Not Found [Regression BUG-003]",""
"passed","Tue Sep 29 20:00:03 UTC 2026","Tue Sep 29 20:00:03 UTC 2026","59","","com.portfolio.qa.tests.edgecases.InputValidationEdgeCasesTests","","com.portfolio.qa.tests.edgecases.InputValidationEdgeCasesTests","shouldRejectMalformedJsonBody","TC-EDGE-004: Reject malformed JSON request body with 400 Bad Request",""
"passed","Tue Sep 29 20:00:05 UTC 2026","Tue Sep 29 20:00:06 UTC 2026","159","","com.portfolio.qa.tests.users.UserDeletionTests","","com.portfolio.qa.tests.users.UserDeletionTests","shouldVerifyUserIsNoLongerRetrievableAfterDeletion","TC-USER-020: Verify deleted user is no longer retrievable via GET endpoint",""
"passed","Tue Sep 29 20:00:06 UTC 2026","Tue Sep 29 20:00:06 UTC 2026","42","","com.portfolio.qa.tests.users.UserCreationTests","","com.portfolio.qa.tests.users.UserCreationTests","shouldRejectUserCreationWithInvalidEmailFormat","TC-USER-004: Create user should reject invalid email format with 400 Bad Request",""
"passed","Tue Sep 29 20:00:06 UTC 2026","Tue Sep 29 20:00:06 UTC 2026","135","","com.portfolio.qa.tests.users.UserCreationTests","","com.portfolio.qa.tests.users.UserCreationTests","shouldCreateUserWithValidDataWhenAuthenticated","TC-USER-001: Create user with valid data when authenticated returns 201 Created",""
"passed","Tue Sep 29 20:00:04 UTC 2026","Tue Sep 29 20:00:04 UTC 2026","156","","com.portfolio.qa.tests.users.UserUpdateTests","","com.portfolio.qa.tests.users.UserUpdateTests","shouldAllowUserToKeepOwnEmailOnUpdate","TC-USER-014: Update user keeping own email should succeed without 409 Conflict [Regression BUG-002]",""
"passed","Tue Sep 29 20:00:07 UTC 2026","Tue Sep 29 20:00:07 UTC 2026","125","","com.portfolio.qa.tests.auth.AuthRegistrationTests","","com.portfolio.qa.tests.auth.AuthRegistrationTests","shouldRegisterUserWithValidData","TC-AUTH-001: Register user with valid data should return 201 Created",""
"passed","Tue Sep 29 20:00:04 UTC 2026","Tue Sep 29 20:00:04 UTC 2026","52","","com.portfolio.qa.tests.users.UserUpdateTests","","com.portfolio.qa.tests.users.UserUpdateTests","shouldReturn404WhenUpdatingNonexistentUser","TC-USER-016: Update non-existent user returns 404 Not Found",""
"passed","Tue Sep 29 20:00:07 UTC 2026","Tue Sep 29 20:00:07 UTC 2026","208","","com.portfolio.qa.tests.auth.AuthLoginTests","","com.portfolio.qa.tests.auth.AuthLoginTests","shouldRejectLoginWithIncorrectPassword","TC-AUTH-012: Login should reject incorrect password with 401 Unauthorized",""
"passed","Tue Sep 29 20:00:05 UTC 2026","Tue Sep 29 20:00:05 UTC 2026","324","","com.portfolio.qa.tests.users.UserDeletionTests","","com.portfolio.qa.tests.users.UserDeletionTests","shouldDeleteExistingUserSuccessfully","TC-USER-018: Delete existing user returns 204 No Content",""
"passed","Tue Sep 29 20:00:05 UTC 2026","Tue Sep 29 20:00:05 UTC 2026","47","","com.portfolio.qa.tests.users.UserRetrievalTests","","com.portfolio.qa.tests.users.UserRetrievalTests","shouldReturn404WhenGettingNonExistentUser","TC-USER-009: Get non-existent user ID returns 404 Not Found",""
